book,line_number,action,original,cleaned,detail
第七脑域,2,full_line_removed,------------,,"^-{10,}\s*$"
第七脑域,4,full_line_removed,分节阅读 1,,^分节阅读\s*\d+\s*$
第七脑域,6,full_line_removed,声明：本书为TXT图书下载网(bookdown.com.cn)的用户上传至其在本站的存储空间，本站只提供TXT全集电子书存储服务以及免费下载服务，以下作品内容之版权与本站无任何关系。,,^声明：本书为TXT图书下载网.*$
第七脑域,7,full_line_removed,---------------------------用户上传之内容开始--------------------------------,,"^-{10,}用户上传之内容开始-{10,}$"
第七脑域,10,full_line_removed,"申明:本书由TXT图书下载网(Www.bookdown.com.cn)自网络收集整理制作,仅供预览交流学习使用,版权归原作者和出版社所有,如果喜欢,请支持订阅购买正版.",,^申明:本书由TXT图书下载网.*$
第七脑域,181,full_line_removed,------------,,"^-{10,}\s*$"
第七脑域,183,full_line_removed,分节阅读 2,,^分节阅读\s*\d+\s*$
第七脑域,332,full_line_removed,------------,,"^-{10,}\s*$"
第七脑域,334,full_line_removed,分节阅读 3,,^分节阅读\s*\d+\s*$
第七脑域,513,full_line_removed,------------,,"^-{10,}\s*$"
第七脑域,515,full_line_removed,分节阅读 4,,^分节阅读\s*\d+\s*$
第七脑域,670,full_line_removed,------------,,"^-{10,}\s*$"
第七脑域,672,full_line_removed,分节阅读 5,,^分节阅读\s*\d+\s*$
第七脑域,833,full_line_removed,------------,,"^-{10,}\s*$"
第七脑域,835,full_line_removed,分节阅读 6,,^分节阅读\s*\d+\s*$
第七脑域,1036,full_line_removed,------------,,"^-{10,}\s*$"
第七脑域,1038,full_line_removed,分节阅读 7,,^分节阅读\s*\d+\s*$
第七脑域,1213,full_line_removed,------------,,"^-{10,}\s*$"
第七脑域,1215,full_line_removed,分节阅读 8,,^分节阅读\s*\d+\s*$
第七脑域,1368,full_line_removed,------------,,"^-{10,}\s*$"
第七脑域,1370,full_line_removed,分节阅读 9,,^分节阅读\s*\d+\s*$
第七脑域,1543,full_line_removed,------------,,"^-{10,}\s*$"
第七脑域,1545,full_line_removed,分节阅读 10,,^分节阅读\s*\d+\s*$
第七脑域,1702,full_line_removed,------------,,"^-{10,}\s*$"
第七脑域,1704,full_line_removed,分节阅读 11,,^分节阅读\s*\d+\s*$
第七脑域,1882,full_line_removed,------------,,"^-{10,}\s*$"
第七脑域,1884,full_line_removed,分节阅读 12,,^分节阅读\s*\d+\s*$
第七脑域,2032,full_line_removed,------------,,"^-{10,}\s*$"
第七脑域,2034,full_line_removed,分节阅读 13,,^分节阅读\s*\d+\s*$
第七脑域,2199,full_line_removed,------------,,"^-{10,}\s*$"
第七脑域,2201,full_line_removed,分节阅读 14,,^分节阅读\s*\d+\s*$
第七脑域,2360,full_line_removed,------------,,"^-{10,}\s*$"
第七脑域,2362,full_line_removed,分节阅读 15,,^分节阅读\s*\d+\s*$
第七脑域,2529,full_line_removed,------------,,"^-{10,}\s*$"
第七脑域,2531,full_line_removed,分节阅读 16,,^分节阅读\s*\d+\s*$
第七脑域,2670,full_line_removed,------------,,"^-{10,}\s*$"
第七脑域,2672,full_line_removed,分节阅读 17,,^分节阅读\s*\d+\s*$
第七脑域,2833,full_line_removed,------------,,"^-{10,}\s*$"
第七脑域,2835,full_line_removed,分节阅读 18,,^分节阅读\s*\d+\s*$
第七脑域,2964,full_line_removed,------------,,"^-{10,}\s*$"
第七脑域,2966,full_line_removed,分节阅读 19,,^分节阅读\s*\d+\s*$
第七脑域,3113,full_line_removed,------------,,"^-{10,}\s*$"
第七脑域,3115,full_line_removed,分节阅读 20,,^分节阅读\s*\d+\s*$
第七脑域,3264,full_line_removed,------------,,"^-{10,}\s*$"
第七脑域,3266,full_line_removed,分节阅读 21,,^分节阅读\s*\d+\s*$
第七脑域,3417,full_line_removed,------------,,"^-{10,}\s*$"
第七脑域,3419,full_line_removed,分节阅读 22,,^分节阅读\s*\d+\s*$
第七脑域,3562,full_line_removed,------------,,"^-{10,}\s*$"
第七脑域,3564,full_line_removed,分节阅读 23,,^分节阅读\s*\d+\s*$
第七脑域,3693,full_line_removed,------------,,"^-{10,}\s*$"
第七脑域,3695,full_line_removed,分节阅读 24,,^分节阅读\s*\d+\s*$
第七脑域,3818,full_line_removed,------------,,"^-{10,}\s*$"
第七脑域,3820,full_line_removed,分节阅读 25,,^分节阅读\s*\d+\s*$
第七脑域,3955,full_line_removed,------------,,"^-{10,}\s*$"
第七脑域,3957,full_line_removed,分节阅读 26,,^分节阅读\s*\d+\s*$
第七脑域,4072,full_line_removed,------------,,"^-{10,}\s*$"
第七脑域,4074,full_line_removed,分节阅读 27,,^分节阅读\s*\d+\s*$
第七脑域,4193,full_line_removed,------------,,"^-{10,}\s*$"
第七脑域,4195,full_line_removed,分节阅读 28,,^分节阅读\s*\d+\s*$
第七脑域,4304,full_line_removed,------------,,"^-{10,}\s*$"
第七脑域,4306,full_line_removed,分节阅读 29,,^分节阅读\s*\d+\s*$
第七脑域,4447,full_line_removed,------------,,"^-{10,}\s*$"
第七脑域,4449,full_line_removed,分节阅读 30,,^分节阅读\s*\d+\s*$
第七脑域,4584,full_line_removed,------------,,"^-{10,}\s*$"
第七脑域,4586,full_line_removed,分节阅读 31,,^分节阅读\s*\d+\s*$
第七脑域,4729,full_line_removed,------------,,"^-{10,}\s*$"
第七脑域,4731,full_line_removed,分节阅读 32,,^分节阅读\s*\d+\s*$
第七脑域,4882,full_line_removed,------------,,"^-{10,}\s*$"
第七脑域,4884,full_line_removed,分节阅读 33,,^分节阅读\s*\d+\s*$
第七脑域,5019,full_line_removed,------------,,"^-{10,}\s*$"
第七脑域,5021,full_line_removed,分节阅读 34,,^分节阅读\s*\d+\s*$
第七脑域,5144,full_line_removed,------------,,"^-{10,}\s*$"
第七脑域,5146,full_line_removed,分节阅读 35,,^分节阅读\s*\d+\s*$
第七脑域,5287,full_line_removed,------------,,"^-{10,}\s*$"
第七脑域,5289,full_line_removed,分节阅读 36,,^分节阅读\s*\d+\s*$
第七脑域,5418,full_line_removed,------------,,"^-{10,}\s*$"
第七脑域,5420,full_line_removed,分节阅读 37,,^分节阅读\s*\d+\s*$
第七脑域,5589,full_line_removed,------------,,"^-{10,}\s*$"
第七脑域,5591,full_line_removed,分节阅读 38,,^分节阅读\s*\d+\s*$
第七脑域,5728,full_line_removed,------------,,"^-{10,}\s*$"
第七脑域,5730,full_line_removed,分节阅读 39,,^分节阅读\s*\d+\s*$
第七脑域,5863,full_line_removed,------------,,"^-{10,}\s*$"
第七脑域,5865,full_line_removed,分节阅读 40,,^分节阅读\s*\d+\s*$
第七脑域,5992,full_line_removed,------------,,"^-{10,}\s*$"
第七脑域,5994,full_line_removed,分节阅读 41,,^分节阅读\s*\d+\s*$
第七脑域,6153,full_line_removed,------------,,"^-{10,}\s*$"
第七脑域,6155,full_line_removed,分节阅读 42,,^分节阅读\s*\d+\s*$
第七脑域,6314,full_line_removed,------------,,"^-{10,}\s*$"
第七脑域,6316,full_line_removed,分节阅读 43,,^分节阅读\s*\d+\s*$
第七脑域,6475,full_line_removed,------------,,"^-{10,}\s*$"
第七脑域,6477,full_line_removed,分节阅读 44,,^分节阅读\s*\d+\s*$
第七脑域,6618,full_line_removed,------------,,"^-{10,}\s*$"
第七脑域,6620,full_line_removed,分节阅读 45,,^分节阅读\s*\d+\s*$
第七脑域,6741,full_line_removed,------------,,"^-{10,}\s*$"
第七脑域,6743,full_line_removed,分节阅读 46,,^分节阅读\s*\d+\s*$
第七脑域,6860,full_line_removed,------------,,"^-{10,}\s*$"
第七脑域,6862,full_line_removed,分节阅读 47,,^分节阅读\s*\d+\s*$
第七脑域,6983,full_line_removed,------------,,"^-{10,}\s*$"
第七脑域,6985,full_line_removed,分节阅读 48,,^分节阅读\s*\d+\s*$
第七脑域,7110,full_line_removed,------------,,"^-{10,}\s*$"
第七脑域,7112,full_line_removed,分节阅读 49,,^分节阅读\s*\d+\s*$
第七脑域,7221,full_line_removed,------------,,"^-{10,}\s*$"
第七脑域,7223,full_line_removed,分节阅读 50,,^分节阅读\s*\d+\s*$
第七脑域,7338,full_line_removed,------------,,"^-{10,}\s*$"
第七脑域,7340,full_line_removed,分节阅读 51,,^分节阅读\s*\d+\s*$
第七脑域,7485,full_line_removed,------------,,"^-{10,}\s*$"
第七脑域,7487,full_line_removed,分节阅读 52,,^分节阅读\s*\d+\s*$
第七脑域,7606,full_line_removed,------------,,"^-{10,}\s*$"
第七脑域,7608,full_line_removed,分节阅读 53,,^分节阅读\s*\d+\s*$
第七脑域,7769,full_line_removed,------------,,"^-{10,}\s*$"
第七脑域,7771,full_line_removed,分节阅读 54,,^分节阅读\s*\d+\s*$
第七脑域,7896,full_line_removed,------------,,"^-{10,}\s*$"
第七脑域,7898,full_line_removed,分节阅读 55,,^分节阅读\s*\d+\s*$
第七脑域,8023,full_line_removed,------------,,"^-{10,}\s*$"
第七脑域,8025,full_line_removed,分节阅读 56,,^分节阅读\s*\d+\s*$
第七脑域,8160,full_line_removed,------------,,"^-{10,}\s*$"
第七脑域,8162,full_line_removed,分节阅读 57,,^分节阅读\s*\d+\s*$
第七脑域,8267,full_line_removed,------------,,"^-{10,}\s*$"
第七脑域,8269,full_line_removed,分节阅读 58,,^分节阅读\s*\d+\s*$
第七脑域,8400,full_line_removed,------------,,"^-{10,}\s*$"
第七脑域,8402,full_line_removed,分节阅读 59,,^分节阅读\s*\d+\s*$
第七脑域,8539,full_line_removed,------------,,"^-{10,}\s*$"
第七脑域,8541,full_line_removed,分节阅读 60,,^分节阅读\s*\d+\s*$
第七脑域,8682,full_line_removed,------------,,"^-{10,}\s*$"
第七脑域,8684,full_line_removed,分节阅读 61,,^分节阅读\s*\d+\s*$
第七脑域,8853,full_line_removed,------------,,"^-{10,}\s*$"
第七脑域,8855,full_line_removed,分节阅读 62,,^分节阅读\s*\d+\s*$
第七脑域,9029,full_line_removed,------------,,"^-{10,}\s*$"
第七脑域,9031,full_line_removed,分节阅读 63,,^分节阅读\s*\d+\s*$
第七脑域,9196,full_line_removed,------------,,"^-{10,}\s*$"
第七脑域,9198,full_line_removed,分节阅读 64,,^分节阅读\s*\d+\s*$
第七脑域,9397,full_line_removed,------------,,"^-{10,}\s*$"
第七脑域,9399,full_line_removed,分节阅读 65,,^分节阅读\s*\d+\s*$
第七脑域,9574,full_line_removed,------------,,"^-{10,}\s*$"
第七脑域,9576,full_line_removed,分节阅读 66,,^分节阅读\s*\d+\s*$
第七脑域,9725,full_line_removed,------------,,"^-{10,}\s*$"
第七脑域,9727,full_line_removed,分节阅读 67,,^分节阅读\s*\d+\s*$
第七脑域,9874,full_line_removed,------------,,"^-{10,}\s*$"
第七脑域,9876,full_line_removed,分节阅读 68,,^分节阅读\s*\d+\s*$
第七脑域,10031,full_line_removed,------------,,"^-{10,}\s*$"
第七脑域,10033,full_line_removed,分节阅读 69,,^分节阅读\s*\d+\s*$
第七脑域,10190,full_line_removed,------------,,"^-{10,}\s*$"
第七脑域,10192,full_line_removed,分节阅读 70,,^分节阅读\s*\d+\s*$
第七脑域,10323,full_line_removed,------------,,"^-{10,}\s*$"
第七脑域,10325,full_line_removed,分节阅读 71,,^分节阅读\s*\d+\s*$
第七脑域,10476,full_line_removed,------------,,"^-{10,}\s*$"
第七脑域,10478,full_line_removed,分节阅读 72,,^分节阅读\s*\d+\s*$
第七脑域,10621,full_line_removed,------------,,"^-{10,}\s*$"
第七脑域,10623,full_line_removed,分节阅读 73,,^分节阅读\s*\d+\s*$
第七脑域,10766,full_line_removed,------------,,"^-{10,}\s*$"
第七脑域,10768,full_line_removed,分节阅读 74,,^分节阅读\s*\d+\s*$
第七脑域,10933,full_line_removed,------------,,"^-{10,}\s*$"
第七脑域,10935,full_line_removed,分节阅读 75,,^分节阅读\s*\d+\s*$
第七脑域,11098,full_line_removed,------------,,"^-{10,}\s*$"
第七脑域,11100,full_line_removed,分节阅读 76,,^分节阅读\s*\d+\s*$
第七脑域,11241,full_line_removed,------------,,"^-{10,}\s*$"
第七脑域,11243,full_line_removed,分节阅读 77,,^分节阅读\s*\d+\s*$
第七脑域,11386,full_line_removed,------------,,"^-{10,}\s*$"
第七脑域,11388,full_line_removed,分节阅读 78,,^分节阅读\s*\d+\s*$
第七脑域,11545,full_line_removed,------------,,"^-{10,}\s*$"
第七脑域,11547,full_line_removed,分节阅读 79,,^分节阅读\s*\d+\s*$
第七脑域,11692,full_line_removed,------------,,"^-{10,}\s*$"
第七脑域,11694,full_line_removed,分节阅读 80,,^分节阅读\s*\d+\s*$
第七脑域,11841,full_line_removed,------------,,"^-{10,}\s*$"
第七脑域,11843,full_line_removed,分节阅读 81,,^分节阅读\s*\d+\s*$
第七脑域,11994,full_line_removed,------------,,"^-{10,}\s*$"
第七脑域,11996,full_line_removed,分节阅读 82,,^分节阅读\s*\d+\s*$
第七脑域,12153,full_line_removed,------------,,"^-{10,}\s*$"
第七脑域,12155,full_line_removed,分节阅读 83,,^分节阅读\s*\d+\s*$
第七脑域,12304,full_line_removed,------------,,"^-{10,}\s*$"
第七脑域,12306,full_line_removed,分节阅读 84,,^分节阅读\s*\d+\s*$
第七脑域,12429,full_line_removed,------------,,"^-{10,}\s*$"
第七脑域,12431,full_line_removed,分节阅读 85,,^分节阅读\s*\d+\s*$
第七脑域,12586,full_line_removed,------------,,"^-{10,}\s*$"
第七脑域,12588,full_line_removed,分节阅读 86,,^分节阅读\s*\d+\s*$
第七脑域,12727,full_line_removed,------------,,"^-{10,}\s*$"
第七脑域,12729,full_line_removed,分节阅读 87,,^分节阅读\s*\d+\s*$
第七脑域,12892,full_line_removed,------------,,"^-{10,}\s*$"
第七脑域,12894,full_line_removed,分节阅读 88,,^分节阅读\s*\d+\s*$
第七脑域,13017,full_line_removed,------------,,"^-{10,}\s*$"
第七脑域,13019,full_line_removed,分节阅读 89,,^分节阅读\s*\d+\s*$
第七脑域,13142,full_line_removed,------------,,"^-{10,}\s*$"
第七脑域,13144,full_line_removed,分节阅读 90,,^分节阅读\s*\d+\s*$
第七脑域,13287,full_line_removed,------------,,"^-{10,}\s*$"
第七脑域,13289,full_line_removed,分节阅读 91,,^分节阅读\s*\d+\s*$
第七脑域,13428,full_line_removed,------------,,"^-{10,}\s*$"
第七脑域,13430,full_line_removed,分节阅读 92,,^分节阅读\s*\d+\s*$
第七脑域,13585,full_line_removed,------------,,"^-{10,}\s*$"
第七脑域,13587,full_line_removed,分节阅读 93,,^分节阅读\s*\d+\s*$
第七脑域,13752,full_line_removed,------------,,"^-{10,}\s*$"
第七脑域,13754,full_line_removed,分节阅读 94,,^分节阅读\s*\d+\s*$
第七脑域,13913,full_line_removed,------------,,"^-{10,}\s*$"
第七脑域,13915,full_line_removed,分节阅读 95,,^分节阅读\s*\d+\s*$
第七脑域,14068,full_line_removed,------------,,"^-{10,}\s*$"
第七脑域,14070,full_line_removed,分节阅读 96,,^分节阅读\s*\d+\s*$
第七脑域,14203,full_line_removed,------------,,"^-{10,}\s*$"
第七脑域,14205,full_line_removed,分节阅读 97,,^分节阅读\s*\d+\s*$
第七脑域,14364,full_line_removed,------------,,"^-{10,}\s*$"
第七脑域,14366,full_line_removed,分节阅读 98,,^分节阅读\s*\d+\s*$
第七脑域,14499,full_line_removed,------------,,"^-{10,}\s*$"
第七脑域,14501,full_line_removed,分节阅读 99,,^分节阅读\s*\d+\s*$
第七脑域,14592,full_line_removed,------------,,"^-{10,}\s*$"
第七脑域,14594,full_line_removed,分节阅读 100,,^分节阅读\s*\d+\s*$
第七脑域,14715,full_line_removed,------------,,"^-{10,}\s*$"
第七脑域,14717,full_line_removed,分节阅读 101,,^分节阅读\s*\d+\s*$
第七脑域,14876,full_line_removed,------------,,"^-{10,}\s*$"
第七脑域,14878,full_line_removed,分节阅读 102,,^分节阅读\s*\d+\s*$
第七脑域,15015,full_line_removed,------------,,"^-{10,}\s*$"
第七脑域,15017,full_line_removed,分节阅读 103,,^分节阅读\s*\d+\s*$
第七脑域,15178,full_line_removed,------------,,"^-{10,}\s*$"
第七脑域,15180,full_line_removed,分节阅读 104,,^分节阅读\s*\d+\s*$
第七脑域,15335,full_line_removed,------------,,"^-{10,}\s*$"
第七脑域,15337,full_line_removed,分节阅读 105,,^分节阅读\s*\d+\s*$
第七脑域,15498,full_line_removed,------------,,"^-{10,}\s*$"
第七脑域,15500,full_line_removed,分节阅读 106,,^分节阅读\s*\d+\s*$
第七脑域,15643,full_line_removed,------------,,"^-{10,}\s*$"
第七脑域,15645,full_line_removed,分节阅读 107,,^分节阅读\s*\d+\s*$
第七脑域,15814,full_line_removed,------------,,"^-{10,}\s*$"
第七脑域,15816,full_line_removed,分节阅读 108,,^分节阅读\s*\d+\s*$
第七脑域,15991,full_line_removed,------------,,"^-{10,}\s*$"
第七脑域,15993,full_line_removed,分节阅读 109,,^分节阅读\s*\d+\s*$
第七脑域,16158,full_line_removed,------------,,"^-{10,}\s*$"
第七脑域,16160,full_line_removed,分节阅读 110,,^分节阅读\s*\d+\s*$
第七脑域,16339,full_line_removed,------------,,"^-{10,}\s*$"
第七脑域,16341,full_line_removed,分节阅读 111,,^分节阅读\s*\d+\s*$
第七脑域,16482,full_line_removed,------------,,"^-{10,}\s*$"
第七脑域,16484,full_line_removed,分节阅读 112,,^分节阅读\s*\d+\s*$
第七脑域,16635,full_line_removed,------------,,"^-{10,}\s*$"
第七脑域,16637,full_line_removed,分节阅读 113,,^分节阅读\s*\d+\s*$
第七脑域,16790,full_line_removed,------------,,"^-{10,}\s*$"
第七脑域,16792,full_line_removed,分节阅读 114,,^分节阅读\s*\d+\s*$
第七脑域,16939,full_line_removed,------------,,"^-{10,}\s*$"
第七脑域,16941,full_line_removed,分节阅读 115,,^分节阅读\s*\d+\s*$
第七脑域,17090,full_line_removed,------------,,"^-{10,}\s*$"
第七脑域,17092,full_line_removed,分节阅读 116,,^分节阅读\s*\d+\s*$
第七脑域,17251,full_line_removed,------------,,"^-{10,}\s*$"
第七脑域,17253,full_line_removed,分节阅读 117,,^分节阅读\s*\d+\s*$
第七脑域,17408,full_line_removed,------------,,"^-{10,}\s*$"
第七脑域,17410,full_line_removed,分节阅读 118,,^分节阅读\s*\d+\s*$
第七脑域,17555,full_line_removed,------------,,"^-{10,}\s*$"
第七脑域,17557,full_line_removed,分节阅读 119,,^分节阅读\s*\d+\s*$
第七脑域,17704,full_line_removed,------------,,"^-{10,}\s*$"
第七脑域,17706,full_line_removed,分节阅读 120,,^分节阅读\s*\d+\s*$
第七脑域,17851,full_line_removed,------------,,"^-{10,}\s*$"
第七脑域,17853,full_line_removed,分节阅读 121,,^分节阅读\s*\d+\s*$
第七脑域,17988,full_line_removed,------------,,"^-{10,}\s*$"
第七脑域,17990,full_line_removed,分节阅读 122,,^分节阅读\s*\d+\s*$
第七脑域,18121,full_line_removed,------------,,"^-{10,}\s*$"
第七脑域,18123,full_line_removed,分节阅读 123,,^分节阅读\s*\d+\s*$
第七脑域,18220,full_line_removed,------------,,"^-{10,}\s*$"
第七脑域,18222,full_line_removed,分节阅读 124,,^分节阅读\s*\d+\s*$
第七脑域,18339,full_line_removed,------------,,"^-{10,}\s*$"
第七脑域,18341,full_line_removed,分节阅读 125,,^分节阅读\s*\d+\s*$
第七脑域,18480,full_line_removed,------------,,"^-{10,}\s*$"
第七脑域,18482,full_line_removed,分节阅读 126,,^分节阅读\s*\d+\s*$
第七脑域,18607,full_line_removed,------------,,"^-{10,}\s*$"
第七脑域,18609,full_line_removed,分节阅读 127,,^分节阅读\s*\d+\s*$
第七脑域,18756,full_line_removed,------------,,"^-{10,}\s*$"
第七脑域,18758,full_line_removed,分节阅读 128,,^分节阅读\s*\d+\s*$
第七脑域,18899,full_line_removed,------------,,"^-{10,}\s*$"
第七脑域,18901,full_line_removed,分节阅读 129,,^分节阅读\s*\d+\s*$
第七脑域,19030,full_line_removed,------------,,"^-{10,}\s*$"
第七脑域,19032,full_line_removed,分节阅读 130,,^分节阅读\s*\d+\s*$
第七脑域,19165,full_line_removed,------------,,"^-{10,}\s*$"
第七脑域,19167,full_line_removed,分节阅读 131,,^分节阅读\s*\d+\s*$
第七脑域,19292,full_line_removed,------------,,"^-{10,}\s*$"
第七脑域,19294,full_line_removed,分节阅读 132,,^分节阅读\s*\d+\s*$
第七脑域,19441,full_line_removed,------------,,"^-{10,}\s*$"
第七脑域,19443,full_line_removed,分节阅读 133,,^分节阅读\s*\d+\s*$
第七脑域,19568,full_line_removed,------------,,"^-{10,}\s*$"
第七脑域,19570,full_line_removed,分节阅读 134,,^分节阅读\s*\d+\s*$
第七脑域,19707,full_line_removed,------------,,"^-{10,}\s*$"
第七脑域,19709,full_line_removed,分节阅读 135,,^分节阅读\s*\d+\s*$
第七脑域,19840,full_line_removed,------------,,"^-{10,}\s*$"
第七脑域,19842,full_line_removed,分节阅读 136,,^分节阅读\s*\d+\s*$
第七脑域,19958,full_line_removed,------------,,"^-{10,}\s*$"
第七脑域,19960,full_line_removed,分节阅读 137,,^分节阅读\s*\d+\s*$
第七脑域,20118,full_line_removed,------------,,"^-{10,}\s*$"
第七脑域,20120,full_line_removed,分节阅读 138,,^分节阅读\s*\d+\s*$
第七脑域,20281,full_line_removed,------------,,"^-{10,}\s*$"
第七脑域,20283,full_line_removed,分节阅读 139,,^分节阅读\s*\d+\s*$
第七脑域,20448,full_line_removed,------------,,"^-{10,}\s*$"
第七脑域,20450,full_line_removed,分节阅读 140,,^分节阅读\s*\d+\s*$
第七脑域,20609,full_line_removed,------------,,"^-{10,}\s*$"
第七脑域,20611,full_line_removed,分节阅读 141,,^分节阅读\s*\d+\s*$
第七脑域,20742,full_line_removed,------------,,"^-{10,}\s*$"
第七脑域,20744,full_line_removed,分节阅读 142,,^分节阅读\s*\d+\s*$
第七脑域,20891,full_line_removed,------------,,"^-{10,}\s*$"
第七脑域,20893,full_line_removed,分节阅读 143,,^分节阅读\s*\d+\s*$
第七脑域,21004,full_line_removed,------------,,"^-{10,}\s*$"
第七脑域,21006,full_line_removed,分节阅读 144,,^分节阅读\s*\d+\s*$
第七脑域,21153,full_line_removed,------------,,"^-{10,}\s*$"
第七脑域,21155,full_line_removed,分节阅读 145,,^分节阅读\s*\d+\s*$
第七脑域,21286,full_line_removed,------------,,"^-{10,}\s*$"
第七脑域,21288,full_line_removed,分节阅读 146,,^分节阅读\s*\d+\s*$
第七脑域,21437,full_line_removed,------------,,"^-{10,}\s*$"
第七脑域,21439,full_line_removed,分节阅读 147,,^分节阅读\s*\d+\s*$
第七脑域,21570,full_line_removed,------------,,"^-{10,}\s*$"
第七脑域,21572,full_line_removed,分节阅读 148,,^分节阅读\s*\d+\s*$
第七脑域,21711,full_line_removed,------------,,"^-{10,}\s*$"
第七脑域,21713,full_line_removed,分节阅读 149,,^分节阅读\s*\d+\s*$
第七脑域,21830,full_line_removed,------------,,"^-{10,}\s*$"
第七脑域,21832,full_line_removed,分节阅读 150,,^分节阅读\s*\d+\s*$
第七脑域,21981,full_line_removed,------------,,"^-{10,}\s*$"
第七脑域,21983,full_line_removed,分节阅读 151,,^分节阅读\s*\d+\s*$
第七脑域,22098,full_line_removed,------------,,"^-{10,}\s*$"
第七脑域,22100,full_line_removed,分节阅读 152,,^分节阅读\s*\d+\s*$
第七脑域,22225,full_line_removed,------------,,"^-{10,}\s*$"
第七脑域,22227,full_line_removed,分节阅读 153,,^分节阅读\s*\d+\s*$
第七脑域,22372,full_line_removed,------------,,"^-{10,}\s*$"
第七脑域,22374,full_line_removed,分节阅读 154,,^分节阅读\s*\d+\s*$
第七脑域,22503,full_line_removed,------------,,"^-{10,}\s*$"
第七脑域,22505,full_line_removed,分节阅读 155,,^分节阅读\s*\d+\s*$
第七脑域,22648,full_line_removed,------------,,"^-{10,}\s*$"
第七脑域,22650,full_line_removed,分节阅读 156,,^分节阅读\s*\d+\s*$
第七脑域,22787,full_line_removed,------------,,"^-{10,}\s*$"
第七脑域,22789,full_line_removed,分节阅读 157,,^分节阅读\s*\d+\s*$
第七脑域,22934,full_line_removed,------------,,"^-{10,}\s*$"
第七脑域,22936,full_line_removed,分节阅读 158,,^分节阅读\s*\d+\s*$
第七脑域,23055,full_line_removed,------------,,"^-{10,}\s*$"
第七脑域,23057,full_line_removed,分节阅读 159,,^分节阅读\s*\d+\s*$
第七脑域,23192,full_line_removed,------------,,"^-{10,}\s*$"
第七脑域,23194,full_line_removed,分节阅读 160,,^分节阅读\s*\d+\s*$
第七脑域,23327,full_line_removed,------------,,"^-{10,}\s*$"
第七脑域,23329,full_line_removed,分节阅读 161,,^分节阅读\s*\d+\s*$
第七脑域,23482,full_line_removed,------------,,"^-{10,}\s*$"
第七脑域,23484,full_line_removed,分节阅读 162,,^分节阅读\s*\d+\s*$
第七脑域,23560,full_line_removed,更多精彩好书，更多原创手机电子书，请登陆TXT图书下载网--Www.bookdown.com.cn,,^更多精彩好书.*TXT图书下载网.*$
第七脑域,23561,full_line_removed,---------------------------用户上传之内容结束--------------------------------,,"^-{10,}用户上传之内容结束-{10,}$"
第七脑域,23562,full_line_removed,声明：本书为TXT图书下载网(bookdown.com.cn)的用户上传至其在本站的存储空间，本站只提供TXT全集电子书存储服务以及免费下载服务，以上作品内容之版权与本站无任何关系。,,^声明：本书为TXT图书下载网.*$
末日咆哮1,6,watermark_removed,    001 末日之夜(本章免费),  001 末日之夜,(本章免费)
末日咆哮1,110,watermark_removed,    002 黑巷遇险(本章免费),  002 黑巷遇险,(本章免费)
末日咆哮1,204,watermark_removed,    003 离奇再生(本章免费),  003 离奇再生,(本章免费)
末日咆哮1,296,watermark_removed,    004 疑似故人(本章免费),  004 疑似故人,(本章免费)
末日咆哮1,394,watermark_removed,    005 座位纷争(本章免费),  005 座位纷争,(本章免费)
末日咆哮1,490,watermark_removed,    006 黄色圆珠(本章免费),  006 黄色圆珠,(本章免费)
末日咆哮1,578,watermark_removed,    007 身陷匪窝(本章免费),  007 身陷匪窝,(本章免费)
末日咆哮1,668,watermark_removed,    008 最后希望(本章免费),  008 最后希望,(本章免费)
末日咆哮1,752,watermark_removed,    009 恐惧宣泄(本章免费),  009 恐惧宣泄,(本章免费)
末日咆哮1,840,watermark_removed,    010 峰回路转(本章免费),  010 峰回路转,(本章免费)
末日咆哮1,926,watermark_removed,    011 离别纪念(本章免费),  011 离别纪念,(本章免费)
末日咆哮1,1020,watermark_removed,    012 碎片融合(本章免费),  012 碎片融合,(本章免费)
末日咆哮1,1090,watermark_removed,    013 朱迪报复(本章免费),  013 朱迪报复,(本章免费)
末日咆哮1,1182,watermark_removed,    014 意外收获(本章免费),  014 意外收获,(本章免费)
末日咆哮1,1286,watermark_removed,    015 紫色迷雾(本章免费),  015 紫色迷雾,(本章免费)
末日咆哮1,1380,watermark_removed,    016 信息管制(本章免费),  016 信息管制,(本章免费)
末日咆哮1,1454,watermark_removed,    017 神秘军队(本章免费),  017 神秘军队,(本章免费)
末日咆哮1,1550,watermark_removed,    018 黑帮追杀(本章免费),  018 黑帮追杀,(本章免费)
末日咆哮1,1636,watermark_removed,    019 神隐之地(本章免费),  019 神隐之地,(本章免费)
末日咆哮1,1734,watermark_removed,    020 不死之身(本章免费),  020 不死之身,(本章免费)
末日咆哮1,1806,watermark_removed,    021 碎片种类(本章免费),  021 碎片种类,(本章免费)
末日咆哮2,21381,watermark_removed,    许默稍感奇怪，以往这种时候，何商吊足胃口拿出的往往是什么限定版的动漫手办之类，最多就是十八禁那种，但他不认为何商会在这种朝不保夕的状况下还和他开这种玩笑。(顶点小说手打小说),  许默稍感奇怪，以往这种时候，何商吊足胃口拿出的往往是什么限定版的动漫手办之类，最多就是十八禁那种，但他不认为何商会在这种朝不保夕的状况下还和他开这种玩笑。,(顶点小说手打小说)
末日咆哮2,21497,watermark_removed,    正如许默之前预想的那样，晚饭后不久，超市护卫队方面来人宣布了守夜通知。(顶点小说手打小说),  正如许默之前预想的那样，晚饭后不久，超市护卫队方面来人宣布了守夜通知。,(顶点小说手打小说)
末日咆哮2,21559,watermark_removed,    “我们是该想想下一步的出路了。(顶点小说手打小说)”,  “我们是该想想下一步的出路了。”,(顶点小说手打小说)
末日咆哮2,21619,watermark_removed,    “行，有刘哥你这句话，我一会儿说什么也得去找一个妞来泄泄火……先不说这个，刘哥，我给你看样东西。(顶点小说手打小说)”,  “行，有刘哥你这句话，我一会儿说什么也得去找一个妞来泄泄火……先不说这个，刘哥，我给你看样东西。”,(顶点小说手打小说)
末日咆哮2,21699,watermark_removed,    虽然未亲眼见到，但许默还是从幸存者口中听说一些，就在刘新明和他手下超市护卫队管辖的这几天里，幸存者中莫名其妙失踪过几名年轻女子，明里死在刘新明一伙人手下的也有两人，可以说整个超市护卫队里几乎就没有干净之人。(顶点小说手打小说),  虽然未亲眼见到，但许默还是从幸存者口中听说一些，就在刘新明和他手下超市护卫队管辖的这几天里，幸存者中莫名其妙失踪过几名年轻女子，明里死在刘新明一伙人手下的也有两人，可以说整个超市护卫队里几乎就没有干净之人。,(顶点小说手打小说)
末日咆哮2,21763,watermark_removed,    尽管胡波没有经过什么专业训练，但本就防着那些幸存者作乱的他哪里不会随时留着一手？随手将手中的强光手电筒向后一抛，连门口处究竟发生了什么都没顾得上看，胡波毫不犹豫的一个恶狗抢屎动作贴着光滑的水磨石地面蹿出三四米去。(顶点小说手打小说),  尽管胡波没有经过什么专业训练，但本就防着那些幸存者作乱的他哪里不会随时留着一手？随手将手中的强光手电筒向后一抛，连门口处究竟发生了什么都没顾得上看，胡波毫不犹豫的一个恶狗抢屎动作贴着光滑的水磨石地面蹿出三四米去。,(顶点小说手打小说)
末日咆哮2,21829,watermark_removed,    这些人中还是有聪明人的，一语便道破了应对危机的关键，其他人顿时恍然大悟，立刻动员起来，搬起周围一切有些重量的物件，将三楼放火通道的大门堵了个严严实实。(顶点小说手打小说),  这些人中还是有聪明人的，一语便道破了应对危机的关键，其他人顿时恍然大悟，立刻动员起来，搬起周围一切有些重量的物件，将三楼放火通道的大门堵了个严严实实。,(顶点小说手打小说)
末日咆哮2,21897,watermark_removed,    一口气打空了手中的USP手枪，许默也懒得去检查那一堆姑且可以称之为尸体的里面还有没有侥幸活下来的人，踩着被血液流得有些发粘的地面进入了三楼的走廊内，径直向刘新明平日里用来当作住处的经理办公室走去。(顶点小说手打小说),  一口气打空了手中的USP手枪，许默也懒得去检查那一堆姑且可以称之为尸体的里面还有没有侥幸活下来的人，踩着被血液流得有些发粘的地面进入了三楼的走廊内，径直向刘新明平日里用来当作住处的经理办公室走去。,(顶点小说手打小说)
末日咆哮2,23047,watermark_removed,    许默召出“阿拉斯加捕鲸叉”生存刀与砍骨刀对砍了一下，虽然砍骨刀毫无意外的被“阿拉斯加捕鲸叉”生存刀断为两截，但许默在对砍的时候也明显的感觉到了一股比较强的阻力，显然这把砍骨刀的钢质相当不错，说不定还可能是某种军用的特种合金钢。小^说^无广告的~顶点*小说~网www.shuyaya.com,  许默召出“阿拉斯加捕鲸叉”生存刀与砍骨刀对砍了一下，虽然砍骨刀毫无意外的被“阿拉斯加捕鲸叉”生存刀断为两截，但许默在对砍的时候也明显的感觉到了一股比较强的阻力，显然这把砍骨刀的钢质相当不错，说不定还可能是某种军用的特种合金钢。,www.shuyaya.com水印
末日咆哮2,23111,watermark_removed,    为了形象直观，何商用斧柄沾了些迅猛龙的血在地上画了三个同心圆，接着又在圆心处点了一个点，才继续解释道：“在很多战略游戏中，都有一种被称之为范围加成的属性存在……所谓的范围，指的是士兵距离主将或是城池的距离，距离越近，士兵便会得到更高的能力加成，反之则能力降低，当完全脱离加成范围后，士兵便只剩下最基本的属性。顶点小说手打小说['www.shuyaya.com']免费文字更新!”,  为了形象直观，何商用斧柄沾了些迅猛龙的血在地上画了三个同心圆，接着又在圆心处点了一个点，才继续解释道：“在很多战略游戏中，都有一种被称之为范围加成的属性存在……所谓的范围，指的是士兵距离主将或是城池的距离，距离越近，士兵便会得到更高的能力加成，反之则能力降低，当完全脱离加成范围后，士兵便只剩下最基本的属性。”,顶点小说手打小说; shuyaya.com推广
末日咆哮2,40677,watermark_removed,    许默大概猜到，何商很可能是在用【耳目寄生】这一技能在观察外界。レwww.shuyaya.com&spades;思&hearts;路&clubs;客レ,  许默大概猜到，何商很可能是在用【耳目寄生】这一技能在观察外界。,レwww.shuyaya.com水印
末日咆哮2,40759,watermark_removed,    而且从雷达上的反shè点来看，这个不明飞行物的体积相当大，差不多有他们所乘坐的运20的一半大小，飞行速度也无限接近音速。レwww.shuyaya.com&spades;思&hearts;路&clubs;客レ,  而且从雷达上的反shè点来看，这个不明飞行物的体积相当大，差不多有他们所乘坐的运20的一半大小，飞行速度也无限接近音速。,レwww.shuyaya.com水印
末日咆哮2,40879,watermark_removed,    即便使节团成员基本都是能力者体质，但他们毕竟是人不是神，八千米以上高空的寒冷对于他们来说也是难以长时间忍耐的。レwww.shuyaya.com&spades;思&hearts;路&clubs;客レ,  即便使节团成员基本都是能力者体质，但他们毕竟是人不是神，八千米以上高空的寒冷对于他们来说也是难以长时间忍耐的。,レwww.shuyaya.com水印
末日咆哮2,40941,watermark_removed,    虽然看起来像个假小子，但这个作为临时向导的肖龚子昱还是有着女xìng特有的细腻，在前往许默父母京城住处之前，先让司机将车开到了京城最富盛名也是最老牌的购物中心——国贸商城。レwww.shuyaya.com&spades;思&hearts;路&clubs;客レ,  虽然看起来像个假小子，但这个作为临时向导的肖龚子昱还是有着女xìng特有的细腻，在前往许默父母京城住处之前，先让司机将车开到了京城最富盛名也是最老牌的购物中心——国贸商城。,レwww.shuyaya.com水印
末日咆哮2,41095,watermark_removed,    临行前的头一天晚上，许默在最后一次整理行装时，无意中发现了夹在钱包深处的那张写有宫华妃手机号的纸条。レwww.shuyaya.com&spades;思&hearts;路&clubs;客レ,  临行前的头一天晚上，许默在最后一次整理行装时，无意中发现了夹在钱包深处的那张写有宫华妃手机号的纸条。,レwww.shuyaya.com水印
末日咆哮2,47339,watermark_removed,    强大的肉身可以产生旺盛的气血，同样，旺盛的气血也可以反哺肉身使其壮大。レwww.shuyaya.com&spades;思&hearts;路&clubs;客レ,  强大的肉身可以产生旺盛的气血，同样，旺盛的气血也可以反哺肉身使其壮大。,レwww.shuyaya.com水印
末日咆哮2,47417,watermark_removed,    蜈蚣jīng的口中发出略带咝咝声的吼叫，原形妖化后的她似乎神志并没有化作人型时那样清晰，但却还记得自己的目的，攻击虽狂暴凶猛，却始终没有对着许默的要害。レwww.shuyaya.com&spades;思&hearts;路&clubs;客レ,  蜈蚣jīng的口中发出略带咝咝声的吼叫，原形妖化后的她似乎神志并没有化作人型时那样清晰，但却还记得自己的目的，攻击虽狂暴凶猛，却始终没有对着许默的要害。,レwww.shuyaya.com水印
末日咆哮2,47545,watermark_removed,    按常理来说，柳醉墨应先将许默的尸身送回许家，再征得许家人的同意，方可带走许仙儿。レwww.shuyaya.com&spades;思&hearts;路&clubs;客レ,  按常理来说，柳醉墨应先将许默的尸身送回许家，再征得许家人的同意，方可带走许仙儿。,レwww.shuyaya.com水印
末日咆哮2,47669,watermark_removed,    趁着许默还在狼吞虎咽，顾盼小心的向许默身旁挪了挪，胳膊有意无意的向他身子上挨了挨，脸颊瞬间泛起红润，心中如踹了一只受惊的小兔般跳得飞快。レwww.shuyaya.com&spades;思&hearts;路&clubs;客レ,  趁着许默还在狼吞虎咽，顾盼小心的向许默身旁挪了挪，胳膊有意无意的向他身子上挨了挨，脸颊瞬间泛起红润，心中如踹了一只受惊的小兔般跳得飞快。,レwww.shuyaya.com水印
末日咆哮2,49451,watermark_removed,    “别动，我看看。レwww.shuyaya.com&spades;思&hearts;路&clubs;客レ”,  “别动，我看看。”,レwww.shuyaya.com水印
末日咆哮2,49735,watermark_removed,    赵神佑也紧紧的环抱着许默，眼泪虽依然在流，心中却是难以言喻的甜蜜和欢喜。レwww.shuyaya.com&spades;思&hearts;路&clubs;客レ,  赵神佑也紧紧的环抱着许默，眼泪虽依然在流，心中却是难以言喻的甜蜜和欢喜。,レwww.shuyaya.com水印
时空之头号玩家,2,full_line_removed,------------,,"^-{10,}\s*$"
时空之头号玩家,189,full_line_removed,------------,,"^-{10,}\s*$"
时空之头号玩家,356,full_line_removed,------------,,"^-{10,}\s*$"
时空之头号玩家,541,full_line_removed,------------,,"^-{10,}\s*$"
时空之头号玩家,718,full_line_removed,------------,,"^-{10,}\s*$"
时空之头号玩家,955,full_line_removed,------------,,"^-{10,}\s*$"
时空之头号玩家,1106,full_line_removed,------------,,"^-{10,}\s*$"
时空之头号玩家,1289,full_line_removed,------------,,"^-{10,}\s*$"
时空之头号玩家,1432,full_line_removed,------------,,"^-{10,}\s*$"
时空之头号玩家,1595,full_line_removed,------------,,"^-{10,}\s*$"
时空之头号玩家,1744,full_line_removed,------------,,"^-{10,}\s*$"
时空之头号玩家,1839,full_line_removed,------------,,"^-{10,}\s*$"
时空之头号玩家,1958,full_line_removed,------------,,"^-{10,}\s*$"
时空之头号玩家,2059,full_line_removed,------------,,"^-{10,}\s*$"
时空之头号玩家,2166,full_line_removed,------------,,"^-{10,}\s*$"
时空之头号玩家,2295,full_line_removed,------------,,"^-{10,}\s*$"
时空之头号玩家,2388,full_line_removed,------------,,"^-{10,}\s*$"
时空之头号玩家,2503,full_line_removed,------------,,"^-{10,}\s*$"
时空之头号玩家,2676,full_line_removed,------------,,"^-{10,}\s*$"
时空之头号玩家,2801,full_line_removed,------------,,"^-{10,}\s*$"
时空之头号玩家,2910,full_line_removed,------------,,"^-{10,}\s*$"
时空之头号玩家,3011,full_line_removed,------------,,"^-{10,}\s*$"
时空之头号玩家,3122,full_line_removed,------------,,"^-{10,}\s*$"
时空之头号玩家,3227,full_line_removed,------------,,"^-{10,}\s*$"
时空之头号玩家,3334,full_line_removed,------------,,"^-{10,}\s*$"
时空之头号玩家,3461,full_line_removed,------------,,"^-{10,}\s*$"
时空之头号玩家,3552,full_line_removed,------------,,"^-{10,}\s*$"
时空之头号玩家,3633,full_line_removed,------------,,"^-{10,}\s*$"
时空之头号玩家,3724,full_line_removed,------------,,"^-{10,}\s*$"
时空之头号玩家,3853,full_line_removed,------------,,"^-{10,}\s*$"
时空之头号玩家,3980,full_line_removed,------------,,"^-{10,}\s*$"
时空之头号玩家,4093,full_line_removed,------------,,"^-{10,}\s*$"
时空之头号玩家,4178,full_line_removed,------------,,"^-{10,}\s*$"
时空之头号玩家,4251,full_line_removed,------------,,"^-{10,}\s*$"
时空之头号玩家,4340,full_line_removed,------------,,"^-{10,}\s*$"
时空之头号玩家,4425,full_line_removed,------------,,"^-{10,}\s*$"
时空之头号玩家,4500,full_line_removed,------------,,"^-{10,}\s*$"
时空之头号玩家,4579,full_line_removed,------------,,"^-{10,}\s*$"
时空之头号玩家,4678,full_line_removed,------------,,"^-{10,}\s*$"
时空之头号玩家,4765,full_line_removed,------------,,"^-{10,}\s*$"
时空之头号玩家,4854,full_line_removed,------------,,"^-{10,}\s*$"
时空之头号玩家,4959,full_line_removed,------------,,"^-{10,}\s*$"
时空之头号玩家,5068,full_line_removed,------------,,"^-{10,}\s*$"
时空之头号玩家,5171,full_line_removed,------------,,"^-{10,}\s*$"
时空之头号玩家,5252,full_line_removed,------------,,"^-{10,}\s*$"
时空之头号玩家,5331,full_line_removed,------------,,"^-{10,}\s*$"
时空之头号玩家,5428,full_line_removed,------------,,"^-{10,}\s*$"
时空之头号玩家,5523,full_line_removed,------------,,"^-{10,}\s*$"
时空之头号玩家,5626,full_line_removed,------------,,"^-{10,}\s*$"
时空之头号玩家,5685,full_line_removed,------------,,"^-{10,}\s*$"
时空之头号玩家,5744,full_line_removed,------------,,"^-{10,}\s*$"
时空之头号玩家,5807,full_line_removed,------------,,"^-{10,}\s*$"
时空之头号玩家,5862,full_line_removed,------------,,"^-{10,}\s*$"
时空之头号玩家,5913,full_line_removed,------------,,"^-{10,}\s*$"
时空之头号玩家,5978,full_line_removed,------------,,"^-{10,}\s*$"
时空之头号玩家,6035,full_line_removed,------------,,"^-{10,}\s*$"
时空之头号玩家,6106,full_line_removed,------------,,"^-{10,}\s*$"
时空之头号玩家,6213,full_line_removed,------------,,"^-{10,}\s*$"
时空之头号玩家,6306,full_line_removed,------------,,"^-{10,}\s*$"
时空之头号玩家,6391,full_line_removed,------------,,"^-{10,}\s*$"
时空之头号玩家,6456,full_line_removed,------------,,"^-{10,}\s*$"
时空之头号玩家,6529,full_line_removed,------------,,"^-{10,}\s*$"
时空之头号玩家,6584,full_line_removed,------------,,"^-{10,}\s*$"
时空之头号玩家,6687,full_line_removed,------------,,"^-{10,}\s*$"
时空之头号玩家,6762,full_line_removed,------------,,"^-{10,}\s*$"
时空之头号玩家,6877,full_line_removed,------------,,"^-{10,}\s*$"
时空之头号玩家,6968,full_line_removed,------------,,"^-{10,}\s*$"
时空之头号玩家,7035,full_line_removed,------------,,"^-{10,}\s*$"
时空之头号玩家,7162,full_line_removed,------------,,"^-{10,}\s*$"
时空之头号玩家,7233,full_line_removed,------------,,"^-{10,}\s*$"
时空之头号玩家,7340,full_line_removed,------------,,"^-{10,}\s*$"
时空之头号玩家,7455,full_line_removed,------------,,"^-{10,}\s*$"
时空之头号玩家,7540,full_line_removed,------------,,"^-{10,}\s*$"
时空之头号玩家,7631,full_line_removed,------------,,"^-{10,}\s*$"
时空之头号玩家,7718,full_line_removed,------------,,"^-{10,}\s*$"
时空之头号玩家,7823,full_line_removed,------------,,"^-{10,}\s*$"
时空之头号玩家,7924,full_line_removed,------------,,"^-{10,}\s*$"
时空之头号玩家,8049,full_line_removed,------------,,"^-{10,}\s*$"
时空之头号玩家,8158,full_line_removed,------------,,"^-{10,}\s*$"
时空之头号玩家,8273,full_line_removed,------------,,"^-{10,}\s*$"
时空之头号玩家,8368,full_line_removed,------------,,"^-{10,}\s*$"
时空之头号玩家,8467,full_line_removed,------------,,"^-{10,}\s*$"
时空之头号玩家,8572,full_line_removed,------------,,"^-{10,}\s*$"
时空之头号玩家,8649,full_line_removed,------------,,"^-{10,}\s*$"
时空之头号玩家,8768,full_line_removed,------------,,"^-{10,}\s*$"
时空之头号玩家,8873,full_line_removed,------------,,"^-{10,}\s*$"
时空之头号玩家,8994,full_line_removed,------------,,"^-{10,}\s*$"
时空之头号玩家,9097,full_line_removed,------------,,"^-{10,}\s*$"
时空之头号玩家,9192,full_line_removed,------------,,"^-{10,}\s*$"
时空之头号玩家,9293,full_line_removed,------------,,"^-{10,}\s*$"
时空之头号玩家,9414,full_line_removed,------------,,"^-{10,}\s*$"
时空之头号玩家,9529,full_line_removed,------------,,"^-{10,}\s*$"
时空之头号玩家,9638,full_line_removed,------------,,"^-{10,}\s*$"
时空之头号玩家,9731,full_line_removed,------------,,"^-{10,}\s*$"
时空之头号玩家,9872,full_line_removed,------------,,"^-{10,}\s*$"
时空之头号玩家,9983,full_line_removed,------------,,"^-{10,}\s*$"
时空之头号玩家,10068,full_line_removed,------------,,"^-{10,}\s*$"
时空之头号玩家,10159,full_line_removed,------------,,"^-{10,}\s*$"
时空之头号玩家,10256,full_line_removed,------------,,"^-{10,}\s*$"
时空之头号玩家,10343,full_line_removed,------------,,"^-{10,}\s*$"
时空之头号玩家,10440,full_line_removed,------------,,"^-{10,}\s*$"
时空之头号玩家,10525,full_line_removed,------------,,"^-{10,}\s*$"
时空之头号玩家,10626,full_line_removed,------------,,"^-{10,}\s*$"
时空之头号玩家,10741,full_line_removed,------------,,"^-{10,}\s*$"
时空之头号玩家,10848,full_line_removed,------------,,"^-{10,}\s*$"
时空之头号玩家,10953,full_line_removed,------------,,"^-{10,}\s*$"
时空之头号玩家,11088,full_line_removed,------------,,"^-{10,}\s*$"
时空之头号玩家,11197,full_line_removed,------------,,"^-{10,}\s*$"
时空之头号玩家,11296,full_line_removed,------------,,"^-{10,}\s*$"
时空之头号玩家,11407,full_line_removed,------------,,"^-{10,}\s*$"
时空之头号玩家,11528,full_line_removed,------------,,"^-{10,}\s*$"
时空之头号玩家,11643,full_line_removed,------------,,"^-{10,}\s*$"
时空之头号玩家,11758,full_line_removed,------------,,"^-{10,}\s*$"
时空之头号玩家,11849,full_line_removed,------------,,"^-{10,}\s*$"
时空之头号玩家,11960,full_line_removed,------------,,"^-{10,}\s*$"
时空之头号玩家,12075,full_line_removed,------------,,"^-{10,}\s*$"
时空之头号玩家,12190,full_line_removed,------------,,"^-{10,}\s*$"
时空之头号玩家,12297,full_line_removed,------------,,"^-{10,}\s*$"
时空之头号玩家,12394,full_line_removed,------------,,"^-{10,}\s*$"
时空之头号玩家,12491,full_line_removed,------------,,"^-{10,}\s*$"
时空之头号玩家,12580,full_line_removed,------------,,"^-{10,}\s*$"
时空之头号玩家,12679,full_line_removed,------------,,"^-{10,}\s*$"
时空之头号玩家,12776,full_line_removed,------------,,"^-{10,}\s*$"
时空之头号玩家,12881,full_line_removed,------------,,"^-{10,}\s*$"
时空之头号玩家,12954,full_line_removed,------------,,"^-{10,}\s*$"
时空之头号玩家,13065,full_line_removed,------------,,"^-{10,}\s*$"
时空之头号玩家,13176,full_line_removed,------------,,"^-{10,}\s*$"
时空之头号玩家,13269,full_line_removed,------------,,"^-{10,}\s*$"
时空之头号玩家,13378,full_line_removed,------------,,"^-{10,}\s*$"
时空之头号玩家,13485,full_line_removed,------------,,"^-{10,}\s*$"
时空之头号玩家,13618,full_line_removed,------------,,"^-{10,}\s*$"
时空之头号玩家,13723,full_line_removed,------------,,"^-{10,}\s*$"
时空之头号玩家,13834,full_line_removed,------------,,"^-{10,}\s*$"
时空之头号玩家,13945,full_line_removed,------------,,"^-{10,}\s*$"
时空之头号玩家,14060,full_line_removed,------------,,"^-{10,}\s*$"
时空之头号玩家,14155,full_line_removed,------------,,"^-{10,}\s*$"
时空之头号玩家,14280,full_line_removed,------------,,"^-{10,}\s*$"
时空之头号玩家,14377,full_line_removed,------------,,"^-{10,}\s*$"
时空之头号玩家,14496,full_line_removed,------------,,"^-{10,}\s*$"
时空之头号玩家,14601,full_line_removed,------------,,"^-{10,}\s*$"
时空之头号玩家,14716,full_line_removed,------------,,"^-{10,}\s*$"
时空之头号玩家,14843,full_line_removed,------------,,"^-{10,}\s*$"
时空之头号玩家,14940,full_line_removed,------------,,"^-{10,}\s*$"
时空之头号玩家,15033,full_line_removed,------------,,"^-{10,}\s*$"
时空之头号玩家,15130,full_line_removed,------------,,"^-{10,}\s*$"
时空之头号玩家,15245,full_line_removed,------------,,"^-{10,}\s*$"
时空之头号玩家,15356,full_line_removed,------------,,"^-{10,}\s*$"
时空之头号玩家,15449,full_line_removed,------------,,"^-{10,}\s*$"
时空之头号玩家,15588,full_line_removed,------------,,"^-{10,}\s*$"
时空之头号玩家,15673,full_line_removed,------------,,"^-{10,}\s*$"
时空之头号玩家,15760,full_line_removed,------------,,"^-{10,}\s*$"
时空之头号玩家,15857,full_line_removed,------------,,"^-{10,}\s*$"
时空之头号玩家,15948,full_line_removed,------------,,"^-{10,}\s*$"
时空之头号玩家,16029,full_line_removed,------------,,"^-{10,}\s*$"
时空之头号玩家,16136,full_line_removed,------------,,"^-{10,}\s*$"
时空之头号玩家,16213,full_line_removed,------------,,"^-{10,}\s*$"
时空之头号玩家,16310,full_line_removed,------------,,"^-{10,}\s*$"
时空之头号玩家,16427,full_line_removed,------------,,"^-{10,}\s*$"
时空之头号玩家,16494,full_line_removed,------------,,"^-{10,}\s*$"
时空之头号玩家,16575,full_line_removed,------------,,"^-{10,}\s*$"
时空之头号玩家,16680,full_line_removed,------------,,"^-{10,}\s*$"
时空之头号玩家,16783,full_line_removed,------------,,"^-{10,}\s*$"
时空之头号玩家,16866,full_line_removed,------------,,"^-{10,}\s*$"
时空之头号玩家,16979,full_line_removed,------------,,"^-{10,}\s*$"
时空之头号玩家,17076,full_line_removed,------------,,"^-{10,}\s*$"
时空之头号玩家,17189,full_line_removed,------------,,"^-{10,}\s*$"
时空之头号玩家,17294,full_line_removed,------------,,"^-{10,}\s*$"
时空之头号玩家,17399,full_line_removed,------------,,"^-{10,}\s*$"
时空之头号玩家,17496,full_line_removed,------------,,"^-{10,}\s*$"
时空之头号玩家,17597,full_line_removed,------------,,"^-{10,}\s*$"
时空之头号玩家,17698,full_line_removed,------------,,"^-{10,}\s*$"
时空之头号玩家,17787,full_line_removed,------------,,"^-{10,}\s*$"
时空之头号玩家,17882,full_line_removed,------------,,"^-{10,}\s*$"
时空之头号玩家,17983,full_line_removed,------------,,"^-{10,}\s*$"
时空之头号玩家,18068,full_line_removed,------------,,"^-{10,}\s*$"
时空之头号玩家,18177,full_line_removed,------------,,"^-{10,}\s*$"
时空之头号玩家,18268,full_line_removed,------------,,"^-{10,}\s*$"
时空之头号玩家,18359,full_line_removed,------------,,"^-{10,}\s*$"
时空之头号玩家,18472,full_line_removed,------------,,"^-{10,}\s*$"
时空之头号玩家,18601,full_line_removed,------------,,"^-{10,}\s*$"
时空之头号玩家,18692,full_line_removed,------------,,"^-{10,}\s*$"
时空之头号玩家,18787,full_line_removed,------------,,"^-{10,}\s*$"
时空之头号玩家,18876,full_line_removed,------------,,"^-{10,}\s*$"
时空之头号玩家,18991,full_line_removed,------------,,"^-{10,}\s*$"
时空之头号玩家,19102,full_line_removed,------------,,"^-{10,}\s*$"
时空之头号玩家,19223,full_line_removed,------------,,"^-{10,}\s*$"
时空之头号玩家,19354,full_line_removed,------------,,"^-{10,}\s*$"
时空之头号玩家,19463,full_line_removed,------------,,"^-{10,}\s*$"
时空之头号玩家,19580,full_line_removed,------------,,"^-{10,}\s*$"
时空之头号玩家,19669,full_line_removed,------------,,"^-{10,}\s*$"
时空之头号玩家,19782,full_line_removed,------------,,"^-{10,}\s*$"
时空之头号玩家,19895,full_line_removed,------------,,"^-{10,}\s*$"
时空之头号玩家,19994,full_line_removed,------------,,"^-{10,}\s*$"
时空之头号玩家,20087,full_line_removed,------------,,"^-{10,}\s*$"
时空之头号玩家,20192,full_line_removed,------------,,"^-{10,}\s*$"
时空之头号玩家,20267,full_line_removed,------------,,"^-{10,}\s*$"
时空之头号玩家,20364,full_line_removed,------------,,"^-{10,}\s*$"
时空之头号玩家,20461,full_line_removed,------------,,"^-{10,}\s*$"
时空之头号玩家,20564,full_line_removed,------------,,"^-{10,}\s*$"
时空之头号玩家,20647,full_line_removed,------------,,"^-{10,}\s*$"
时空之头号玩家,20756,full_line_removed,------------,,"^-{10,}\s*$"
时空之头号玩家,20869,full_line_removed,------------,,"^-{10,}\s*$"
时空之头号玩家,20964,full_line_removed,------------,,"^-{10,}\s*$"
时空之头号玩家,21065,full_line_removed,------------,,"^-{10,}\s*$"
时空之头号玩家,21174,full_line_removed,------------,,"^-{10,}\s*$"
时空之头号玩家,21287,full_line_removed,------------,,"^-{10,}\s*$"
时空之头号玩家,21370,full_line_removed,------------,,"^-{10,}\s*$"
时空之头号玩家,21487,full_line_removed,------------,,"^-{10,}\s*$"
时空之头号玩家,21610,full_line_removed,------------,,"^-{10,}\s*$"
时空之头号玩家,21733,full_line_removed,------------,,"^-{10,}\s*$"
时空之头号玩家,21846,full_line_removed,------------,,"^-{10,}\s*$"
时空之头号玩家,21975,full_line_removed,------------,,"^-{10,}\s*$"
时空之头号玩家,22078,full_line_removed,------------,,"^-{10,}\s*$"
时空之头号玩家,22185,full_line_removed,------------,,"^-{10,}\s*$"
时空之头号玩家,22300,full_line_removed,------------,,"^-{10,}\s*$"
时空之头号玩家,22415,full_line_removed,------------,,"^-{10,}\s*$"
时空之头号玩家,22524,full_line_removed,------------,,"^-{10,}\s*$"
时空之头号玩家,22657,full_line_removed,------------,,"^-{10,}\s*$"
时空之头号玩家,22776,full_line_removed,------------,,"^-{10,}\s*$"
时空之头号玩家,22881,full_line_removed,------------,,"^-{10,}\s*$"
时空之头号玩家,22988,full_line_removed,------------,,"^-{10,}\s*$"
时空之头号玩家,23119,full_line_removed,------------,,"^-{10,}\s*$"
时空之头号玩家,23200,full_line_removed,------------,,"^-{10,}\s*$"
时空之头号玩家,23299,full_line_removed,------------,,"^-{10,}\s*$"
时空之头号玩家,23404,full_line_removed,------------,,"^-{10,}\s*$"
时空之头号玩家,23531,full_line_removed,------------,,"^-{10,}\s*$"
时空之头号玩家,23644,full_line_removed,------------,,"^-{10,}\s*$"
时空之头号玩家,23747,full_line_removed,------------,,"^-{10,}\s*$"
时空之头号玩家,23854,full_line_removed,------------,,"^-{10,}\s*$"
时空之头号玩家,23955,full_line_removed,------------,,"^-{10,}\s*$"
时空之头号玩家,24034,full_line_removed,------------,,"^-{10,}\s*$"
时空之头号玩家,24137,full_line_removed,------------,,"^-{10,}\s*$"
时空之头号玩家,24214,full_line_removed,------------,,"^-{10,}\s*$"
时空之头号玩家,24295,full_line_removed,------------,,"^-{10,}\s*$"
时空之头号玩家,24394,full_line_removed,------------,,"^-{10,}\s*$"
时空之头号玩家,24513,full_line_removed,------------,,"^-{10,}\s*$"
时空之头号玩家,24618,full_line_removed,------------,,"^-{10,}\s*$"
时空之头号玩家,24719,full_line_removed,------------,,"^-{10,}\s*$"
时空之头号玩家,24826,full_line_removed,------------,,"^-{10,}\s*$"
时空之头号玩家,24937,full_line_removed,------------,,"^-{10,}\s*$"
时空之头号玩家,25046,full_line_removed,------------,,"^-{10,}\s*$"
时空之头号玩家,25159,full_line_removed,------------,,"^-{10,}\s*$"
时空之头号玩家,25282,full_line_removed,------------,,"^-{10,}\s*$"
时空之头号玩家,25403,full_line_removed,------------,,"^-{10,}\s*$"
时空之头号玩家,25494,full_line_removed,------------,,"^-{10,}\s*$"
时空之头号玩家,25593,full_line_removed,------------,,"^-{10,}\s*$"
时空之头号玩家,25686,full_line_removed,------------,,"^-{10,}\s*$"
时空之头号玩家,25805,full_line_removed,------------,,"^-{10,}\s*$"
时空之头号玩家,25914,full_line_removed,------------,,"^-{10,}\s*$"
时空之头号玩家,26027,full_line_removed,------------,,"^-{10,}\s*$"
时空之头号玩家,26128,full_line_removed,------------,,"^-{10,}\s*$"
时空之头号玩家,26247,full_line_removed,------------,,"^-{10,}\s*$"
时空之头号玩家,26338,full_line_removed,------------,,"^-{10,}\s*$"
时空之头号玩家,26433,full_line_removed,------------,,"^-{10,}\s*$"
时空之头号玩家,26516,full_line_removed,------------,,"^-{10,}\s*$"
时空之头号玩家,26619,full_line_removed,------------,,"^-{10,}\s*$"
时空之头号玩家,26716,full_line_removed,------------,,"^-{10,}\s*$"
时空之头号玩家,26795,full_line_removed,------------,,"^-{10,}\s*$"
时空之头号玩家,26892,full_line_removed,------------,,"^-{10,}\s*$"
时空之头号玩家,26989,full_line_removed,------------,,"^-{10,}\s*$"
时空之头号玩家,27092,full_line_removed,------------,,"^-{10,}\s*$"
时空之头号玩家,27203,full_line_removed,------------,,"^-{10,}\s*$"
时空之头号玩家,27306,full_line_removed,------------,,"^-{10,}\s*$"
时空之头号玩家,27431,full_line_removed,------------,,"^-{10,}\s*$"
时空之头号玩家,27608,full_line_removed,------------,,"^-{10,}\s*$"
时空之头号玩家,27725,full_line_removed,------------,,"^-{10,}\s*$"
时空之头号玩家,27824,full_line_removed,------------,,"^-{10,}\s*$"
时空之头号玩家,27945,full_line_removed,------------,,"^-{10,}\s*$"
时空之头号玩家,28038,full_line_removed,------------,,"^-{10,}\s*$"
时空之头号玩家,28127,full_line_removed,------------,,"^-{10,}\s*$"
时空之头号玩家,28220,full_line_removed,------------,,"^-{10,}\s*$"
时空之头号玩家,28337,full_line_removed,------------,,"^-{10,}\s*$"
时空之头号玩家,28430,full_line_removed,------------,,"^-{10,}\s*$"
时空之头号玩家,28557,full_line_removed,------------,,"^-{10,}\s*$"
时空之头号玩家,28644,full_line_removed,------------,,"^-{10,}\s*$"
时空之头号玩家,28763,full_line_removed,------------,,"^-{10,}\s*$"
时空之头号玩家,28870,full_line_removed,------------,,"^-{10,}\s*$"
时空之头号玩家,28959,full_line_removed,------------,,"^-{10,}\s*$"
时空之头号玩家,29070,full_line_removed,------------,,"^-{10,}\s*$"
时空之头号玩家,29185,full_line_removed,------------,,"^-{10,}\s*$"
时空之头号玩家,29284,full_line_removed,------------,,"^-{10,}\s*$"
时空之头号玩家,29383,full_line_removed,------------,,"^-{10,}\s*$"
时空之头号玩家,29478,full_line_removed,------------,,"^-{10,}\s*$"
时空之头号玩家,29591,full_line_removed,------------,,"^-{10,}\s*$"
时空之头号玩家,29708,full_line_removed,------------,,"^-{10,}\s*$"
时空之头号玩家,29809,full_line_removed,------------,,"^-{10,}\s*$"
时空之头号玩家,29914,full_line_removed,------------,,"^-{10,}\s*$"
时空之头号玩家,30017,full_line_removed,------------,,"^-{10,}\s*$"
时空之头号玩家,30116,full_line_removed,------------,,"^-{10,}\s*$"
时空之头号玩家,30209,full_line_removed,------------,,"^-{10,}\s*$"
时空之头号玩家,30312,full_line_removed,------------,,"^-{10,}\s*$"
时空之头号玩家,30445,full_line_removed,------------,,"^-{10,}\s*$"
时空之头号玩家,30540,full_line_removed,------------,,"^-{10,}\s*$"
时空之头号玩家,30657,full_line_removed,------------,,"^-{10,}\s*$"
时空之头号玩家,30774,full_line_removed,------------,,"^-{10,}\s*$"
时空之头号玩家,30867,full_line_removed,------------,,"^-{10,}\s*$"
时空之头号玩家,31002,full_line_removed,------------,,"^-{10,}\s*$"
时空之头号玩家,31119,full_line_removed,------------,,"^-{10,}\s*$"
时空之头号玩家,31256,full_line_removed,------------,,"^-{10,}\s*$"
时空之头号玩家,31403,full_line_removed,------------,,"^-{10,}\s*$"
时空之头号玩家,31492,full_line_removed,------------,,"^-{10,}\s*$"
时空之头号玩家,31625,full_line_removed,------------,,"^-{10,}\s*$"
时空之头号玩家,31738,full_line_removed,------------,,"^-{10,}\s*$"
时空之头号玩家,31821,full_line_removed,------------,,"^-{10,}\s*$"
时空之头号玩家,31930,full_line_removed,------------,,"^-{10,}\s*$"
时空之头号玩家,32013,full_line_removed,------------,,"^-{10,}\s*$"
时空之头号玩家,32106,full_line_removed,------------,,"^-{10,}\s*$"
时空之头号玩家,32199,full_line_removed,------------,,"^-{10,}\s*$"
时空之头号玩家,32342,full_line_removed,------------,,"^-{10,}\s*$"
时空之头号玩家,32423,full_line_removed,------------,,"^-{10,}\s*$"
时空之头号玩家,32518,full_line_removed,------------,,"^-{10,}\s*$"
时空之头号玩家,32619,full_line_removed,------------,,"^-{10,}\s*$"
时空之头号玩家,32732,full_line_removed,------------,,"^-{10,}\s*$"
时空之头号玩家,32831,full_line_removed,------------,,"^-{10,}\s*$"
时空之头号玩家,32948,full_line_removed,------------,,"^-{10,}\s*$"
时空之头号玩家,33051,full_line_removed,------------,,"^-{10,}\s*$"
时空之头号玩家,33170,full_line_removed,------------,,"^-{10,}\s*$"
时空之头号玩家,33291,full_line_removed,------------,,"^-{10,}\s*$"
时空之头号玩家,33386,full_line_removed,------------,,"^-{10,}\s*$"
时空之头号玩家,33489,full_line_removed,------------,,"^-{10,}\s*$"
时空之头号玩家,33584,full_line_removed,------------,,"^-{10,}\s*$"
时空之头号玩家,33727,full_line_removed,------------,,"^-{10,}\s*$"
时空之头号玩家,33836,full_line_removed,------------,,"^-{10,}\s*$"
时空之头号玩家,33933,full_line_removed,------------,,"^-{10,}\s*$"
时空之头号玩家,34042,full_line_removed,------------,,"^-{10,}\s*$"
时空之头号玩家,34155,full_line_removed,------------,,"^-{10,}\s*$"
时空之头号玩家,34268,full_line_removed,------------,,"^-{10,}\s*$"
时空之头号玩家,34393,full_line_removed,------------,,"^-{10,}\s*$"
时空之头号玩家,34508,full_line_removed,------------,,"^-{10,}\s*$"
时空之头号玩家,34627,full_line_removed,------------,,"^-{10,}\s*$"
时空之头号玩家,34752,full_line_removed,------------,,"^-{10,}\s*$"
时空之头号玩家,34865,full_line_removed,------------,,"^-{10,}\s*$"
时空之头号玩家,35010,full_line_removed,------------,,"^-{10,}\s*$"
时空之头号玩家,35133,full_line_removed,------------,,"^-{10,}\s*$"
时空之头号玩家,35240,full_line_removed,------------,,"^-{10,}\s*$"
时空之头号玩家,35393,full_line_removed,------------,,"^-{10,}\s*$"
时空之头号玩家,35502,full_line_removed,------------,,"^-{10,}\s*$"
时空之头号玩家,35607,full_line_removed,------------,,"^-{10,}\s*$"
时空之头号玩家,35690,full_line_removed,------------,,"^-{10,}\s*$"
时空之头号玩家,35829,full_line_removed,------------,,"^-{10,}\s*$"
时空之头号玩家,35984,full_line_removed,------------,,"^-{10,}\s*$"
时空之头号玩家,36097,full_line_removed,------------,,"^-{10,}\s*$"
时空之头号玩家,36202,full_line_removed,------------,,"^-{10,}\s*$"
时空之头号玩家,36311,full_line_removed,------------,,"^-{10,}\s*$"
时空之头号玩家,36398,full_line_removed,------------,,"^-{10,}\s*$"
时空之头号玩家,36495,full_line_removed,------------,,"^-{10,}\s*$"
时空之头号玩家,36654,full_line_removed,------------,,"^-{10,}\s*$"
时空之头号玩家,36809,full_line_removed,------------,,"^-{10,}\s*$"
时空之头号玩家,36968,full_line_removed,------------,,"^-{10,}\s*$"
时空之头号玩家,37143,full_line_removed,------------,,"^-{10,}\s*$"
时空之头号玩家,37252,full_line_removed,------------,,"^-{10,}\s*$"
时空之头号玩家,37379,full_line_removed,------------,,"^-{10,}\s*$"
时空之头号玩家,37476,full_line_removed,------------,,"^-{10,}\s*$"
时空之头号玩家,37585,full_line_removed,------------,,"^-{10,}\s*$"
时空之头号玩家,37688,full_line_removed,------------,,"^-{10,}\s*$"
时空之头号玩家,37807,full_line_removed,------------,,"^-{10,}\s*$"
时空之头号玩家,37906,full_line_removed,------------,,"^-{10,}\s*$"
时空之头号玩家,38033,full_line_removed,------------,,"^-{10,}\s*$"
时空之头号玩家,38136,full_line_removed,------------,,"^-{10,}\s*$"
时空之头号玩家,38225,full_line_removed,------------,,"^-{10,}\s*$"
时空之头号玩家,38324,full_line_removed,------------,,"^-{10,}\s*$"
时空之头号玩家,38405,full_line_removed,------------,,"^-{10,}\s*$"
时空之头号玩家,38514,full_line_removed,------------,,"^-{10,}\s*$"
时空之头号玩家,38589,full_line_removed,------------,,"^-{10,}\s*$"
时空之头号玩家,38688,full_line_removed,------------,,"^-{10,}\s*$"
时空之头号玩家,38825,full_line_removed,------------,,"^-{10,}\s*$"
时空之头号玩家,38870,full_line_removed,------------,,"^-{10,}\s*$"
时空之头号玩家,38991,full_line_removed,------------,,"^-{10,}\s*$"
时空之头号玩家,39096,full_line_removed,------------,,"^-{10,}\s*$"
时空之头号玩家,39233,full_line_removed,------------,,"^-{10,}\s*$"
时空之头号玩家,39358,full_line_removed,------------,,"^-{10,}\s*$"
时空之头号玩家,39487,full_line_removed,------------,,"^-{10,}\s*$"
时空之头号玩家,39600,full_line_removed,------------,,"^-{10,}\s*$"
时空之头号玩家,39733,full_line_removed,------------,,"^-{10,}\s*$"
时空之头号玩家,39872,full_line_removed,------------,,"^-{10,}\s*$"
时空之头号玩家,39991,full_line_removed,------------,,"^-{10,}\s*$"
时空之头号玩家,40090,full_line_removed,------------,,"^-{10,}\s*$"
时空之头号玩家,40205,full_line_removed,------------,,"^-{10,}\s*$"
时空之头号玩家,40320,full_line_removed,------------,,"^-{10,}\s*$"
时空之头号玩家,40429,full_line_removed,------------,,"^-{10,}\s*$"
时空之头号玩家,40546,full_line_removed,------------,,"^-{10,}\s*$"
时空之头号玩家,40669,full_line_removed,------------,,"^-{10,}\s*$"
时空之头号玩家,40824,full_line_removed,------------,,"^-{10,}\s*$"
时空之头号玩家,40933,full_line_removed,------------,,"^-{10,}\s*$"
时空之头号玩家,41048,full_line_removed,------------,,"^-{10,}\s*$"
时空之头号玩家,41151,full_line_removed,------------,,"^-{10,}\s*$"
时空之头号玩家,41268,full_line_removed,------------,,"^-{10,}\s*$"
时空之头号玩家,41395,full_line_removed,------------,,"^-{10,}\s*$"
时空之头号玩家,41504,full_line_removed,------------,,"^-{10,}\s*$"
时空之头号玩家,41609,full_line_removed,------------,,"^-{10,}\s*$"
时空之头号玩家,41724,full_line_removed,------------,,"^-{10,}\s*$"
时空之头号玩家,41853,full_line_removed,------------,,"^-{10,}\s*$"
时空之头号玩家,41974,full_line_removed,------------,,"^-{10,}\s*$"
时空之头号玩家,42085,full_line_removed,------------,,"^-{10,}\s*$"
时空之头号玩家,42210,full_line_removed,------------,,"^-{10,}\s*$"
时空之头号玩家,42313,full_line_removed,------------,,"^-{10,}\s*$"
时空之头号玩家,42426,full_line_removed,------------,,"^-{10,}\s*$"
时空之头号玩家,42545,full_line_removed,------------,,"^-{10,}\s*$"
时空之头号玩家,42654,full_line_removed,------------,,"^-{10,}\s*$"
时空之头号玩家,42785,full_line_removed,------------,,"^-{10,}\s*$"
时空之头号玩家,42898,full_line_removed,------------,,"^-{10,}\s*$"
时空之头号玩家,43033,full_line_removed,------------,,"^-{10,}\s*$"
时空之头号玩家,43146,full_line_removed,------------,,"^-{10,}\s*$"
时空之头号玩家,43255,full_line_removed,------------,,"^-{10,}\s*$"
时空之头号玩家,43380,full_line_removed,------------,,"^-{10,}\s*$"
时空之头号玩家,43519,full_line_removed,------------,,"^-{10,}\s*$"
时空之头号玩家,43726,full_line_removed,------------,,"^-{10,}\s*$"
时空之头号玩家,43845,full_line_removed,------------,,"^-{10,}\s*$"
时空之头号玩家,43958,full_line_removed,------------,,"^-{10,}\s*$"
时空之头号玩家,44065,full_line_removed,------------,,"^-{10,}\s*$"
时空之头号玩家,44150,full_line_removed,------------,,"^-{10,}\s*$"
时空之头号玩家,44269,full_line_removed,------------,,"^-{10,}\s*$"
时空之头号玩家,44394,full_line_removed,------------,,"^-{10,}\s*$"
时空之头号玩家,44539,full_line_removed,------------,,"^-{10,}\s*$"
时空之头号玩家,44658,full_line_removed,------------,,"^-{10,}\s*$"
时空之头号玩家,44785,full_line_removed,------------,,"^-{10,}\s*$"
时空之头号玩家,44900,full_line_removed,------------,,"^-{10,}\s*$"
时空之头号玩家,44991,full_line_removed,------------,,"^-{10,}\s*$"
时空之头号玩家,45092,full_line_removed,------------,,"^-{10,}\s*$"
时空之头号玩家,45193,full_line_removed,------------,,"^-{10,}\s*$"
时空之头号玩家,45316,full_line_removed,------------,,"^-{10,}\s*$"
时空之头号玩家,45437,full_line_removed,------------,,"^-{10,}\s*$"
时空之头号玩家,45570,full_line_removed,------------,,"^-{10,}\s*$"
时空之头号玩家,45693,full_line_removed,------------,,"^-{10,}\s*$"
时空之头号玩家,45818,full_line_removed,------------,,"^-{10,}\s*$"
时空之头号玩家,45947,full_line_removed,------------,,"^-{10,}\s*$"
时空之头号玩家,46056,full_line_removed,------------,,"^-{10,}\s*$"
时空之头号玩家,46199,full_line_removed,------------,,"^-{10,}\s*$"
时空之头号玩家,46332,full_line_removed,------------,,"^-{10,}\s*$"
时空之头号玩家,46459,full_line_removed,------------,,"^-{10,}\s*$"
时空之头号玩家,46558,full_line_removed,------------,,"^-{10,}\s*$"
时空之头号玩家,46677,full_line_removed,------------,,"^-{10,}\s*$"
时空之头号玩家,46804,full_line_removed,------------,,"^-{10,}\s*$"
时空之头号玩家,46945,full_line_removed,------------,,"^-{10,}\s*$"
时空之头号玩家,47084,full_line_removed,------------,,"^-{10,}\s*$"
时空之头号玩家,47245,full_line_removed,------------,,"^-{10,}\s*$"
时空之头号玩家,47356,full_line_removed,------------,,"^-{10,}\s*$"
时空之头号玩家,47487,full_line_removed,------------,,"^-{10,}\s*$"
时空之头号玩家,47614,full_line_removed,------------,,"^-{10,}\s*$"
时空之头号玩家,47743,full_line_removed,------------,,"^-{10,}\s*$"
时空之头号玩家,47876,full_line_removed,------------,,"^-{10,}\s*$"
时空之头号玩家,48009,full_line_removed,------------,,"^-{10,}\s*$"
时空之头号玩家,48134,full_line_removed,------------,,"^-{10,}\s*$"
时空之头号玩家,48253,full_line_removed,------------,,"^-{10,}\s*$"
时空之头号玩家,48388,full_line_removed,------------,,"^-{10,}\s*$"
时空之头号玩家,48533,full_line_removed,------------,,"^-{10,}\s*$"
时空之头号玩家,48652,full_line_removed,------------,,"^-{10,}\s*$"
时空之头号玩家,48755,full_line_removed,------------,,"^-{10,}\s*$"
时空之头号玩家,48898,full_line_removed,------------,,"^-{10,}\s*$"
时空之头号玩家,49023,full_line_removed,------------,,"^-{10,}\s*$"
时空之头号玩家,49142,full_line_removed,------------,,"^-{10,}\s*$"
时空之头号玩家,49321,full_line_removed,------------,,"^-{10,}\s*$"
时空之头号玩家,49414,full_line_removed,------------,,"^-{10,}\s*$"
时空之头号玩家,49579,full_line_removed,------------,,"^-{10,}\s*$"
时空之头号玩家,49702,full_line_removed,------------,,"^-{10,}\s*$"
时空之头号玩家,49809,full_line_removed,------------,,"^-{10,}\s*$"
时空之头号玩家,49922,full_line_removed,------------,,"^-{10,}\s*$"
时空之头号玩家,50049,full_line_removed,------------,,"^-{10,}\s*$"
时空之头号玩家,50160,full_line_removed,------------,,"^-{10,}\s*$"
时空之头号玩家,50303,full_line_removed,------------,,"^-{10,}\s*$"
时空之头号玩家,50436,full_line_removed,------------,,"^-{10,}\s*$"
时空之头号玩家,50533,full_line_removed,------------,,"^-{10,}\s*$"
时空之头号玩家,50638,full_line_removed,------------,,"^-{10,}\s*$"
时空之头号玩家,50761,full_line_removed,------------,,"^-{10,}\s*$"
时空之头号玩家,50890,full_line_removed,------------,,"^-{10,}\s*$"
时空之头号玩家,51005,full_line_removed,------------,,"^-{10,}\s*$"
时空之头号玩家,51114,full_line_removed,------------,,"^-{10,}\s*$"
时空之头号玩家,51285,full_line_removed,------------,,"^-{10,}\s*$"
时空之头号玩家,51418,full_line_removed,------------,,"^-{10,}\s*$"
时空之头号玩家,51557,full_line_removed,------------,,"^-{10,}\s*$"
时空之头号玩家,51692,full_line_removed,------------,,"^-{10,}\s*$"
时空之头号玩家,51831,full_line_removed,------------,,"^-{10,}\s*$"
时空之头号玩家,51982,full_line_removed,------------,,"^-{10,}\s*$"
时空之头号玩家,52129,full_line_removed,------------,,"^-{10,}\s*$"
时空之头号玩家,52244,full_line_removed,------------,,"^-{10,}\s*$"
时空之头号玩家,52377,full_line_removed,------------,,"^-{10,}\s*$"
